DROP SCHEMA IF EXISTS SIJARTA CASCADE;

CREATE SCHEMA SIJARTA;

SET search_path TO SIJARTA;

-- 1. Tabel USER
CREATE TABLE "USER" ( -- USER adalah reserved word sehingga perlu dituliskan dalam kutip dua
    Id UUID PRIMARY KEY,
    Nama VARCHAR,
    JenisKelamin CHAR(1) CHECK (JenisKelamin IN ('L', 'P')),
    NoHP VARCHAR,
    Pwd VARCHAR,
    TglLahir DATE,
    Alamat VARCHAR,
    SaldoMyPay DECIMAL
);

-- 2. Tabel PELANGGAN
CREATE TABLE PELANGGAN (
    Id UUID PRIMARY KEY REFERENCES "USER"(Id),
    Level VARCHAR
);

-- 3. Tabel PEKERJA
CREATE TABLE PEKERJA (
    Id UUID PRIMARY KEY REFERENCES "USER"(Id),
    NamaBank VARCHAR,
    NomorRekening VARCHAR,
    NPWP VARCHAR,
    LinkFoto VARCHAR,
    Rating FLOAT,
    JmlPsnananSelesai INT
);

-- 5. Tabel KATEGORI_TR_MYPAY (dibuat lebih dulu agar tidak melanggar referential integrity constraints pada Tabel TR_MYPAY)
CREATE TABLE KATEGORI_TR_MYPAY (
    Id UUID PRIMARY KEY,
    Nama VARCHAR
);

-- 4. Tabel TR_MYPAY
CREATE TABLE TR_MYPAY (
    Id UUID PRIMARY KEY,
    UserId UUID REFERENCES "USER"(Id),
    Tgl DATE,
    Nominal DECIMAL,
    KategoriId UUID REFERENCES KATEGORI_TR_MYPAY(Id)
);

-- 6. Tabel KATEGORI_JASA
CREATE TABLE KATEGORI_JASA (
    Id UUID PRIMARY KEY,
    NamaKategori VARCHAR
);

-- 7. Tabel PEKERJA_KATEGORI_JASA (Table Asosiatif)
CREATE TABLE PEKERJA_KATEGORI_JASA (
    PekerjaId UUID REFERENCES PEKERJA(Id),
    KategoriJasaId UUID REFERENCES KATEGORI_JASA(Id),
    PRIMARY KEY (PekerjaId, KategoriJasaId)
);

-- 8. Tabel SUBKATEGORI_JASA
CREATE TABLE SUBKATEGORI_JASA (
    Id UUID PRIMARY KEY,
    NamaSubkategori VARCHAR,
    Deskripsi TEXT,
    KategoriJasaId UUID REFERENCES KATEGORI_JASA(Id)
);

-- 9. Tabel SESI_LAYANAN
CREATE TABLE SESI_LAYANAN (
    SubkategoriId UUID REFERENCES SUBKATEGORI_JASA(Id),
    Sesi INT,
    Harga DECIMAL,
    PRIMARY KEY (SubkategoriId, Sesi)
);

-- 10. Tabel DISKON
CREATE TABLE DISKON (
    Kode VARCHAR(50) PRIMARY KEY,
    Potongan DECIMAL NOT NULL CHECK (Potongan >= 0),
    MinTrPemesanan INT NOT NULL CHECK (MinTrPemesanan >= 0)
);

-- 11. Tabel VOUCHER
CREATE TABLE VOUCHER (
    Kode VARCHAR PRIMARY KEY REFERENCES DISKON(Kode),
    JmlHariBerlaku INT NOT NULL CHECK (JmlHariBerlaku >= 0),
    KuotaPenggunaan INT,
    Harga DECIMAL NOT NULL CHECK (Harga >= 0)
);

-- 12. Tabel PROMO
CREATE TABLE PROMO (
    Kode VARCHAR PRIMARY KEY REFERENCES DISKON(Kode),
    TglAkhirBerlaku DATE NOT NULL
);

-- 15. Tabel METODE_BAYAR (dibuat lebih dulu agar tidak melanggar referential integrity constraints pada Tabel TR_PEMBELIAN_VOUCHER dan TR_PEMESANAN_JASA)
CREATE TABLE METODE_BAYAR (
    Id UUID PRIMARY KEY,
    Nama VARCHAR NOT NULL
);

-- 13. Tabel TR_PEMBELIAN_VOUCHER
CREATE TABLE TR_PEMBELIAN_VOUCHER (
    Id UUID PRIMARY KEY,
    TglAwal DATE NOT NULL,
    TglAkhir DATE NOT NULL,
    TelahDigunakan INT NOT NULL CHECK (TelahDigunakan >= 0),
    IdPelanggan UUID REFERENCES PELANGGAN(Id),
    IdVoucher VARCHAR REFERENCES VOUCHER(Kode),
    IdMetodeBayar UUID REFERENCES METODE_BAYAR(Id)
);

-- 14. Tabel TR_PEMESANAN_JASA
CREATE TABLE TR_PEMESANAN_JASA (
    Id UUID PRIMARY KEY,
    TglPemesanan DATE NOT NULL,
    TglPekerjaan DATE NOT NULL,
    WaktuPekerjaan TIMESTAMP NOT NULL,
    TotalBiaya DECIMAL NOT NULL CHECK (TotalBiaya >= 0),
    IdPelanggan UUID REFERENCES PELANGGAN(Id),
    IdPekerja UUID REFERENCES PEKERJA(Id),
    IdKategoriJasa UUID,
    Sesi INT,
    IdDiskon VARCHAR(50) REFERENCES DISKON(Kode),
    IdMetodeBayar UUID REFERENCES METODE_BAYAR(Id),
    FOREIGN KEY (IdKategoriJasa, Sesi) REFERENCES SESI_LAYANAN(SubkategoriId, Sesi)
);

-- 16. Tabel STATUS_PESANAN
CREATE TABLE STATUS_PESANAN (
    Id UUID PRIMARY KEY,
    Status VARCHAR(50) NOT NULL
);

-- 17. Tabel TR_PEMESANAN_STATUS
CREATE TABLE TR_PEMESANAN_STATUS (
    IdTrPemesanan UUID REFERENCES TR_PEMESANAN_JASA(Id),
    IdStatus UUID REFERENCES STATUS_PESANAN(Id),
    TglWaktu DATE NOT NULL,
    PRIMARY KEY (IdTrPemesanan, IdStatus)
);

-- 18. Tabel TESTIMONI
CREATE TABLE TESTIMONI (
    IdTrPemesanan UUID REFERENCES TR_PEMESANAN_JASA(Id),
    Tgl DATE,
    Teks TEXT,
    Rating INT NOT NULL DEFAULT 0,
    PRIMARY KEY (IdTrPemesanan, Tgl)
);

-- 1. Dummy data untuk USER
INSERT INTO SIJARTA."USER" (Id, Nama, JenisKelamin, NoHP, Pwd, TglLahir, Alamat, SaldoMyPay) VALUES
('00000000-0000-0000-0000-000000000001', 'User1', 'L', '081234567890', 'password1', '1990-01-01', 'Address1', 100000),
('00000000-0000-0000-0000-000000000002', 'User2', 'P', '081234567891', 'password2', '1991-02-02', 'Address2', 200000),
('00000000-0000-0000-0000-000000000003', 'User3', 'L', '081234567892', 'password3', '1992-03-03', 'Address3', 300000),
('00000000-0000-0000-0000-000000000004', 'User4', 'P', '081234567893', 'password4', '1993-04-04', 'Address4', 400000),
('00000000-0000-0000-0000-000000000005', 'User5', 'L', '081234567894', 'password5', '1994-05-05', 'Address5', 500000),
('00000000-0000-0000-0000-000000000006', 'User6', 'P', '081234567895', 'password6', '1995-06-06', 'Address6', 600000),
('00000000-0000-0000-0000-000000000007', 'User7', 'L', '081234567896', 'password7', '1996-07-07', 'Address7', 700000),
('00000000-0000-0000-0000-000000000008', 'User8', 'P', '081234567897', 'password8', '1997-08-08', 'Address8', 800000),
('00000000-0000-0000-0000-000000000009', 'User9', 'L', '081234567898', 'password9', '1998-09-09', 'Address9', 900000),
('00000000-0000-0000-0000-000000000010', 'User10', 'P', '081234567899', 'password10', '1999-10-10', 'Address10', 1000000);

-- 2. Dummy data untuk PELANGGAN
INSERT INTO SIJARTA.PELANGGAN (Id, Level) VALUES
('00000000-0000-0000-0000-000000000001', 'Gold'),
('00000000-0000-0000-0000-000000000002', 'Silver'),
('00000000-0000-0000-0000-000000000003', 'Bronze'),
('00000000-0000-0000-0000-000000000004', 'Gold'),
('00000000-0000-0000-0000-000000000005', 'Silver');

-- 3. Dummy data untuk PEKERJA
INSERT INTO SIJARTA.PEKERJA (Id, NamaBank, NomorRekening, NPWP, LinkFoto, Rating, JmlPsnananSelesai) VALUES
('00000000-0000-0000-0000-000000000006', 'Bank A', '1234567890', '123456789012345', 'link1.jpg', 4.5, 10),
('00000000-0000-0000-0000-000000000007', 'Bank B', '2345678901', '234567890123456', 'link2.jpg', 4.0, 20),
('00000000-0000-0000-0000-000000000008', 'Bank C', '3456789012', '345678901234567', 'link3.jpg', 3.5, 30),
('00000000-0000-0000-0000-000000000009', 'Bank D', '4567890123', '456789012345678', 'link4.jpg', 4.8, 40),
('00000000-0000-0000-0000-000000000010', 'Bank E', '5678901234', '567890123456789', 'link5.jpg', 4.2, 50);

-- 5. Dummy data untuk KATEGORI_TR_MYPAY
INSERT INTO SIJARTA.KATEGORI_TR_MYPAY (Id, Nama) VALUES
('00000000-0000-0000-0000-000000000001', 'Topup'),
('00000000-0000-0000-0000-000000000002', 'Pembayaran Jasa'),
('00000000-0000-0000-0000-000000000003', 'Transfer'),
('00000000-0000-0000-0000-000000000004', 'Refund'),
('00000000-0000-0000-0000-000000000005', 'Pembelian Voucher');

-- Dummy data untuk TR_MYPAY
INSERT INTO SIJARTA.TR_MYPAY (Id, UserId, Tgl, Nominal, KategoriId) VALUES
('00000000-0000-0000-0000-000000000001', '00000000-0000-0000-0000-000000000001', '2023-01-01', 100000, '00000000-0000-0000-0000-000000000001'),
('00000000-0000-0000-0000-000000000002', '00000000-0000-0000-0000-000000000002', '2023-01-02', 200000, '00000000-0000-0000-0000-000000000002'),
('00000000-0000-0000-0000-000000000003', '00000000-0000-0000-0000-000000000003', '2023-01-03', 300000, '00000000-0000-0000-0000-000000000003'),
('00000000-0000-0000-0000-000000000004', '00000000-0000-0000-0000-000000000004', '2023-01-04', 400000, '00000000-0000-0000-0000-000000000004'),
('00000000-0000-0000-0000-000000000005', '00000000-0000-0000-0000-000000000005', '2023-01-05', 500000, '00000000-0000-0000-0000-000000000005'),
('00000000-0000-0000-0000-000000000006', '00000000-0000-0000-0000-000000000006', '2023-01-06', 600000, '00000000-0000-0000-0000-000000000001'),
('00000000-0000-0000-0000-000000000007', '00000000-0000-0000-0000-000000000007', '2023-01-07', 700000, '00000000-0000-0000-0000-000000000002'),
('00000000-0000-0000-0000-000000000008', '00000000-0000-0000-0000-000000000008', '2023-01-08', 800000, '00000000-0000-0000-0000-000000000003'),
('00000000-0000-0000-0000-000000000009', '00000000-0000-0000-0000-000000000009', '2023-01-09', 900000, '00000000-0000-0000-0000-000000000004'),
('00000000-0000-0000-0000-000000000010', '00000000-0000-0000-0000-000000000010', '2023-01-10', 1000000, '00000000-0000-0000-0000-000000000005'),
('00000000-0000-0000-0000-000000000011', '00000000-0000-0000-0000-000000000001', '2023-01-11', 1100000, '00000000-0000-0000-0000-000000000001'),
('00000000-0000-0000-0000-000000000012', '00000000-0000-0000-0000-000000000002', '2023-01-12', 1200000, '00000000-0000-0000-0000-000000000002'),
('00000000-0000-0000-0000-000000000013', '00000000-0000-0000-0000-000000000003', '2023-01-13', 1300000, '00000000-0000-0000-0000-000000000003'),
('00000000-0000-0000-0000-000000000014', '00000000-0000-0000-0000-000000000004', '2023-01-14', 1400000, '00000000-0000-0000-0000-000000000004'),
('00000000-0000-0000-0000-000000000015', '00000000-0000-0000-0000-000000000005', '2023-01-15', 1500000, '00000000-0000-0000-0000-000000000005'),
('00000000-0000-0000-0000-000000000016', '00000000-0000-0000-0000-000000000006', '2023-01-16', 1600000, '00000000-0000-0000-0000-000000000001'),
('00000000-0000-0000-0000-000000000017', '00000000-0000-0000-0000-000000000007', '2023-01-17', 1700000, '00000000-0000-0000-0000-000000000002'),
('00000000-0000-0000-0000-000000000018', '00000000-0000-0000-0000-000000000008', '2023-01-18', 1800000, '00000000-0000-0000-0000-000000000003'),
('00000000-0000-0000-0000-000000000019', '00000000-0000-0000-0000-000000000009', '2023-01-19', 1900000, '00000000-0000-0000-0000-000000000004'),
('00000000-0000-0000-0000-000000000020', '00000000-0000-0000-0000-000000000010', '2023-01-20', 2000000, '00000000-0000-0000-0000-000000000005'),
('00000000-0000-0000-0000-000000000021', '00000000-0000-0000-0000-000000000001', '2023-01-21', 2100000, '00000000-0000-0000-0000-000000000001'),
('00000000-0000-0000-0000-000000000022', '00000000-0000-0000-0000-000000000002', '2023-01-22', 2200000, '00000000-0000-0000-0000-000000000002'),
('00000000-0000-0000-0000-000000000023', '00000000-0000-0000-0000-000000000003', '2023-01-23', 2300000, '00000000-0000-0000-0000-000000000003'),
('00000000-0000-0000-0000-000000000024', '00000000-0000-0000-0000-000000000004', '2023-01-24', 2400000, '00000000-0000-0000-0000-000000000004'),
('00000000-0000-0000-0000-000000000025', '00000000-0000-0000-0000-000000000005', '2023-01-25', 2500000, '00000000-0000-0000-0000-000000000005');

-- Dummy data untuk KATEGORI_JASA
INSERT INTO SIJARTA.KATEGORI_JASA (Id, NamaKategori) VALUES
('00000000-0000-0000-0000-000000000001', 'Home Cleaning'),
('00000000-0000-0000-0000-000000000002', 'Deep Cleaning'),
('00000000-0000-0000-0000-000000000003', 'Laundry'),
('00000000-0000-0000-0000-000000000004', 'Gardening'),
('00000000-0000-0000-0000-000000000005', 'Plumbing');

-- Dummy data untuk PEKERJA_KATEGORI_JASA
INSERT INTO SIJARTA.PEKERJA_KATEGORI_JASA (PekerjaId, KategoriJasaId) VALUES
('00000000-0000-0000-0000-000000000006', '00000000-0000-0000-0000-000000000001'),
('00000000-0000-0000-0000-000000000007', '00000000-0000-0000-0000-000000000002'),
('00000000-0000-0000-0000-000000000008', '00000000-0000-0000-0000-000000000003'),
('00000000-0000-0000-0000-000000000009', '00000000-0000-0000-0000-000000000004'),
('00000000-0000-0000-0000-000000000010', '00000000-0000-0000-0000-000000000005'),
('00000000-0000-0000-0000-000000000006', '00000000-0000-0000-0000-000000000002'),
('00000000-0000-0000-0000-000000000007', '00000000-0000-0000-0000-000000000003'),
('00000000-0000-0000-0000-000000000008', '00000000-0000-0000-0000-000000000004'),
('00000000-0000-0000-0000-000000000009', '00000000-0000-0000-0000-000000000005'),
('00000000-0000-0000-0000-000000000010', '00000000-0000-0000-0000-000000000001');

-- Dummy data untuk SUBKATEGORI_JASA
INSERT INTO SIJARTA.SUBKATEGORI_JASA (Id, NamaSubkategori, Deskripsi, KategoriJasaId) VALUES
('00000000-0000-0000-0000-000000000001', 'Daily Cleaning', 'Daily cleaning service', '00000000-0000-0000-0000-000000000001'),
('00000000-0000-0000-0000-000000000002', 'Deep Cleaning', 'Deep cleaning service', '00000000-0000-0000-0000-000000000002'),
('00000000-0000-0000-0000-000000000003', 'Laundry', 'Laundry service', '00000000-0000-0000-0000-000000000003'),
('00000000-0000-0000-0000-000000000004', 'Gardening', 'Gardening service', '00000000-0000-0000-0000-000000000004'),
('00000000-0000-0000-0000-000000000005', 'Plumbing', 'Plumbing service', '00000000-0000-0000-0000-000000000005'),
('00000000-0000-0000-0000-000000000006', 'Window Cleaning', 'Window cleaning service', '00000000-0000-0000-0000-000000000001'),
('00000000-0000-0000-0000-000000000007', 'Carpet Cleaning', 'Carpet cleaning service', '00000000-0000-0000-0000-000000000002'),
('00000000-0000-0000-0000-000000000008', 'Ironing', 'Ironing service', '00000000-0000-0000-0000-000000000003'),
('00000000-0000-0000-0000-000000000009', 'Lawn Mowing', 'Lawn mowing service', '00000000-0000-0000-0000-000000000004'),
('00000000-0000-0000-0000-000000000010', 'Pipe Repair', 'Pipe repair service', '00000000-0000-0000-0000-000000000005');

-- Dummy data untuk SESI_LAYANAN
INSERT INTO SIJARTA.SESI_LAYANAN (SubkategoriId, Sesi, Harga) VALUES
('00000000-0000-0000-0000-000000000001', 1, 100000),
('00000000-0000-0000-0000-000000000001', 2, 200000),
('00000000-0000-0000-0000-000000000002', 1, 150000),
('00000000-0000-0000-0000-000000000002', 2, 250000),
('00000000-0000-0000-0000-000000000003', 1, 50000),
('00000000-0000-0000-0000-000000000003', 2, 100000),
('00000000-0000-0000-0000-000000000004', 1, 120000),
('00000000-0000-0000-0000-000000000004', 2, 220000),
('00000000-0000-0000-0000-000000000005', 1, 130000),
('00000000-0000-0000-0000-000000000005', 2, 230000),
('00000000-0000-0000-0000-000000000006', 1, 110000),
('00000000-0000-0000-0000-000000000006', 2, 210000),
('00000000-0000-0000-0000-000000000007', 1, 140000),
('00000000-0000-0000-0000-000000000007', 2, 240000),
('00000000-0000-0000-0000-000000000008', 1, 60000),
('00000000-0000-0000-0000-000000000008', 2, 110000),
('00000000-0000-0000-0000-000000000009', 1, 125000),
('00000000-0000-0000-0000-000000000009', 2, 225000),
('00000000-0000-0000-0000-000000000010', 1, 135000),
('00000000-0000-0000-0000-000000000010', 2, 235000),
('00000000-0000-0000-0000-000000000001', 3, 300000),
('00000000-0000-0000-0000-000000000002', 3, 350000),
('00000000-0000-0000-0000-000000000003', 3, 150000),
('00000000-0000-0000-0000-000000000004', 3, 320000),
('00000000-0000-0000-0000-000000000005', 3, 330000),
('00000000-0000-0000-0000-000000000006', 3, 310000),
('00000000-0000-0000-0000-000000000007', 3, 340000),
('00000000-0000-0000-0000-000000000008', 3, 160000),
('00000000-0000-0000-0000-000000000009', 3, 325000),
('00000000-0000-0000-0000-000000000010', 3, 335000);

-- Dummy data untuk DISKON
INSERT INTO SIJARTA.DISKON (Kode, Potongan, MinTrPemesanan) VALUES
('DISKON1', 10000, 1),
('DISKON2', 20000, 2),
('DISKON3', 30000, 3),
('DISKON4', 40000, 4),
('DISKON5', 50000, 5),
('DISKON6', 60000, 6),
('DISKON7', 70000, 7),
('DISKON8', 80000, 8),
('DISKON9', 90000, 9),
('DISKON10', 100000, 10),
('DISKON11', 110000, 11),
('DISKON12', 120000, 12),
('DISKON13', 130000, 13),
('DISKON14', 140000, 14),
('DISKON15', 150000, 15),
('DISKON16', 160000, 16),
('DISKON17', 170000, 17),
('DISKON18', 180000, 18),
('DISKON19', 190000, 19),
('DISKON20', 200000, 20);

-- Dummy data untuk VOUCHER
INSERT INTO SIJARTA.VOUCHER (Kode, JmlHariBerlaku, KuotaPenggunaan, Harga) VALUES
('DISKON1', 30, 100, 5000),
('DISKON2', 60, 200, 10000),
('DISKON3', 90, 300, 15000),
('DISKON4', 120, 400, 20000),
('DISKON5', 150, 500, 25000),
('DISKON6', 180, 600, 30000),
('DISKON7', 210, 700, 35000),
('DISKON8', 240, 800, 40000),
('DISKON9', 270, 900, 45000),
('DISKON10', 300, 1000, 50000);

-- Dummy data untuk PROMO
INSERT INTO SIJARTA.PROMO (Kode, TglAkhirBerlaku) VALUES
('DISKON11', '2023-12-31'),
('DISKON12', '2023-11-30'),
('DISKON13', '2023-10-31'),
('DISKON14', '2023-09-30'),
('DISKON15', '2023-08-31'),
('DISKON16', '2023-07-31'),
('DISKON17', '2023-06-30'),
('DISKON18', '2023-05-31'),
('DISKON19', '2023-04-30'),
('DISKON20', '2023-03-31');

-- Dummy data untuk METODE_BAYAR
INSERT INTO SIJARTA.METODE_BAYAR (Id, Nama) VALUES
('00000000-0000-0000-0000-000000000001', 'MyPay'),
('00000000-0000-0000-0000-000000000002', 'GoPay'),
('00000000-0000-0000-0000-000000000003', 'OVO'),
('00000000-0000-0000-0000-000000000004', 'DANA'),
('00000000-0000-0000-0000-000000000005', 'LinkAja'),
('00000000-0000-0000-0000-000000000006', 'Bank Transfer');

-- Dummy data untuk TR_PEMBELIAN_VOUCHER
INSERT INTO SIJARTA.TR_PEMBELIAN_VOUCHER (Id, TglAwal, TglAkhir, TelahDigunakan, IdPelanggan, IdVoucher, IdMetodeBayar) VALUES
('00000000-0000-0000-0000-000000000001', '2023-01-01', '2023-01-31', 0, '00000000-0000-0000-0000-000000000001', 'DISKON1', '00000000-0000-0000-0000-000000000001'),
('00000000-0000-0000-0000-000000000002', '2023-02-01', '2023-02-28', 1, '00000000-0000-0000-0000-000000000002', 'DISKON2', '00000000-0000-0000-0000-000000000002'),
('00000000-0000-0000-0000-000000000003', '2023-03-01', '2023-03-31', 0, '00000000-0000-0000-0000-000000000003', 'DISKON3', '00000000-0000-0000-0000-000000000003'),
('00000000-0000-0000-0000-000000000004', '2023-04-01', '2023-04-30', 1, '00000000-0000-0000-0000-000000000004', 'DISKON4', '00000000-0000-0000-0000-000000000004'),
('00000000-0000-0000-0000-000000000005', '2023-05-01', '2023-05-31', 0, '00000000-0000-0000-0000-000000000005', 'DISKON5', '00000000-0000-0000-0000-000000000005'),
('00000000-0000-0000-0000-000000000006', '2023-06-01', '2023-06-30', 1, '00000000-0000-0000-0000-000000000001', 'DISKON6', '00000000-0000-0000-0000-000000000001'),
('00000000-0000-0000-0000-000000000007', '2023-07-01', '2023-07-31', 0, '00000000-0000-0000-0000-000000000002', 'DISKON7', '00000000-0000-0000-0000-000000000002'),
('00000000-0000-0000-0000-000000000008', '2023-08-01', '2023-08-31', 1, '00000000-0000-0000-0000-000000000003', 'DISKON8', '00000000-0000-0000-0000-000000000003'),
('00000000-0000-0000-0000-000000000009', '2023-09-01', '2023-09-30', 0, '00000000-0000-0000-0000-000000000004', 'DISKON9', '00000000-0000-0000-0000-000000000004'),
('00000000-0000-0000-0000-000000000010', '2023-10-01', '2023-10-31', 1, '00000000-0000-0000-0000-000000000005', 'DISKON10', '00000000-0000-0000-0000-000000000005'),
('00000000-0000-0000-0000-000000000011', '2023-11-01', '2023-11-30', 0, '00000000-0000-0000-0000-000000000001', 'DISKON1', '00000000-0000-0000-0000-000000000001'),
('00000000-0000-0000-0000-000000000012', '2023-12-01', '2023-12-31', 1, '00000000-0000-0000-0000-000000000002', 'DISKON2', '00000000-0000-0000-0000-000000000002'),
('00000000-0000-0000-0000-000000000013', '2023-01-01', '2023-01-31', 0, '00000000-0000-0000-0000-000000000003', 'DISKON3', '00000000-0000-0000-0000-000000000003'),
('00000000-0000-0000-0000-000000000014', '2023-02-01', '2023-02-28', 1, '00000000-0000-0000-0000-000000000004', 'DISKON4', '00000000-0000-0000-0000-000000000004'),
('00000000-0000-0000-0000-000000000015', '2023-03-01', '2023-03-31', 0, '00000000-0000-0000-0000-000000000005', 'DISKON5', '00000000-0000-0000-0000-000000000005'),
('00000000-0000-0000-0000-000000000016', '2023-04-01', '2023-04-30', 1, '00000000-0000-0000-0000-000000000001', 'DISKON6', '00000000-0000-0000-0000-000000000001'),
('00000000-0000-0000-0000-000000000017', '2023-05-01', '2023-05-31', 0, '00000000-0000-0000-0000-000000000002', 'DISKON7', '00000000-0000-0000-0000-000000000002'),
('00000000-0000-0000-0000-000000000018', '2023-06-01', '2023-06-30', 1, '00000000-0000-0000-0000-000000000003', 'DISKON8', '00000000-0000-0000-0000-000000000003');

-- Dummy data untuk TR_PEMESANAN_JASA
INSERT INTO SIJARTA.TR_PEMESANAN_JASA (Id, TglPemesanan, TglPekerjaan, WaktuPekerjaan, TotalBiaya, IdPelanggan, IdPekerja, IdKategoriJasa, Sesi, IdDiskon, IdMetodeBayar) VALUES
('00000000-0000-0000-0000-000000000001', '2023-01-01', '2023-01-02', '2023-01-02 08:00:00', 100000, '00000000-0000-0000-0000-000000000001', '00000000-0000-0000-0000-000000000006', '00000000-0000-0000-0000-000000000001', 1, 'DISKON1', '00000000-0000-0000-0000-000000000001'),
('00000000-0000-0000-0000-000000000002', '2023-01-03', '2023-01-04', '2023-01-04 09:00:00', 200000, '00000000-0000-0000-0000-000000000002', '00000000-0000-0000-0000-000000000007', '00000000-0000-0000-0000-000000000002', 1, 'DISKON2', '00000000-0000-0000-0000-000000000002'),
('00000000-0000-0000-0000-000000000003', '2023-01-05', '2023-01-06', '2023-01-06 10:00:00', 300000, '00000000-0000-0000-0000-000000000003', '00000000-0000-0000-0000-000000000008', '00000000-0000-0000-0000-000000000003', 1, 'DISKON3', '00000000-0000-0000-0000-000000000003'),
('00000000-0000-0000-0000-000000000004', '2023-01-07', '2023-01-08', '2023-01-08 11:00:00', 400000, '00000000-0000-0000-0000-000000000004', '00000000-0000-0000-0000-000000000009', '00000000-0000-0000-0000-000000000004', 1, 'DISKON4', '00000000-0000-0000-0000-000000000004'),
('00000000-0000-0000-0000-000000000005', '2023-01-09', '2023-01-10', '2023-01-10 12:00:00', 500000, '00000000-0000-0000-0000-000000000005', '00000000-0000-0000-0000-000000000010', '00000000-0000-0000-0000-000000000005', 1, 'DISKON5', '00000000-0000-0000-0000-000000000005'),
('00000000-0000-0000-0000-000000000006', '2023-01-11', '2023-01-12', '2023-01-12 13:00:00', 600000, '00000000-0000-0000-0000-000000000001', '00000000-0000-0000-0000-000000000006', '00000000-0000-0000-0000-000000000001', 2, 'DISKON6', '00000000-0000-0000-0000-000000000001'),
('00000000-0000-0000-0000-000000000007', '2023-01-13', '2023-01-14', '2023-01-14 14:00:00', 700000, '00000000-0000-0000-0000-000000000002', '00000000-0000-0000-0000-000000000007', '00000000-0000-0000-0000-000000000002', 2, 'DISKON7', '00000000-0000-0000-0000-000000000002'),
('00000000-0000-0000-0000-000000000008', '2023-01-15', '2023-01-16', '2023-01-16 15:00:00', 800000, '00000000-0000-0000-0000-000000000003', '00000000-0000-0000-0000-000000000008', '00000000-0000-0000-0000-000000000003', 2, 'DISKON8', '00000000-0000-0000-0000-000000000003'),
('00000000-0000-0000-0000-000000000009', '2023-01-17', '2023-01-18', '2023-01-18 16:00:00', 900000, '00000000-0000-0000-0000-000000000004', '00000000-0000-0000-0000-000000000009', '00000000-0000-0000-0000-000000000004', 2, 'DISKON9', '00000000-0000-0000-0000-000000000004'),
('00000000-0000-0000-0000-000000000010', '2023-01-19', '2023-01-20', '2023-01-20 17:00:00', 1000000, '00000000-0000-0000-0000-000000000005', '00000000-0000-0000-0000-000000000010', '00000000-0000-0000-0000-000000000005', 2, 'DISKON10', '00000000-0000-0000-0000-000000000005'),
('00000000-0000-0000-0000-000000000011', '2023-01-21', '2023-01-22', '2023-01-22 18:00:00', 1100000, '00000000-0000-0000-0000-000000000001', '00000000-0000-0000-0000-000000000006', '00000000-0000-0000-0000-000000000001', 3, 'DISKON1', '00000000-0000-0000-0000-000000000001'),
('00000000-0000-0000-0000-000000000012', '2023-01-23', '2023-01-24', '2023-01-24 19:00:00', 1200000, '00000000-0000-0000-0000-000000000002', '00000000-0000-0000-0000-000000000007', '00000000-0000-0000-0000-000000000002', 3, 'DISKON2', '00000000-0000-0000-0000-000000000002'),
('00000000-0000-0000-0000-000000000013', '2023-01-25', '2023-01-26', '2023-01-26 20:00:00', 1300000, '00000000-0000-0000-0000-000000000003', '00000000-0000-0000-0000-000000000008', '00000000-0000-0000-0000-000000000003', 3, 'DISKON3', '00000000-0000-0000-0000-000000000003'),
('00000000-0000-0000-0000-000000000014', '2023-01-27', '2023-01-28', '2023-01-28 21:00:00', 1400000, '00000000-0000-0000-0000-000000000004', '00000000-0000-0000-0000-000000000009', '00000000-0000-0000-0000-000000000004', 3, 'DISKON4', '00000000-0000-0000-0000-000000000004'),
('00000000-0000-0000-0000-000000000015', '2023-01-29', '2023-01-30', '2023-01-30 22:00:00', 1500000, '00000000-0000-0000-0000-000000000005', '00000000-0000-0000-0000-000000000010', '00000000-0000-0000-0000-000000000005', 3, 'DISKON5', '00000000-0000-0000-0000-000000000005'),
('00000000-0000-0000-0000-000000000016', '2023-01-31', '2023-02-01', '2023-02-01 23:00:00', 1600000, '00000000-0000-0000-0000-000000000001', '00000000-0000-0000-0000-000000000006', '00000000-0000-0000-0000-000000000001', 1, 'DISKON6', '00000000-0000-0000-0000-000000000001'),
('00000000-0000-0000-0000-000000000017', '2023-02-02', '2023-02-03', '2023-02-03 08:00:00', 1700000, '00000000-0000-0000-0000-000000000002', '00000000-0000-0000-0000-000000000007', '00000000-0000-0000-0000-000000000002', 1, 'DISKON7', '00000000-0000-0000-0000-000000000002'),
('00000000-0000-0000-0000-000000000018', '2023-02-04', '2023-02-05', '2023-02-05 09:00:00', 1800000, '00000000-0000-0000-0000-000000000003', '00000000-0000-0000-0000-000000000008', '00000000-0000-0000-0000-000000000003', 1, 'DISKON8', '00000000-0000-0000-0000-000000000003'),
('00000000-0000-0000-0000-000000000019', '2023-02-06', '2023-02-07', '2023-02-07 10:00:00', 1900000, '00000000-0000-0000-0000-000000000004', '00000000-0000-0000-0000-000000000009', '00000000-0000-0000-0000-000000000004', 1, 'DISKON9', '00000000-0000-0000-0000-000000000004'),
('00000000-0000-0000-0000-000000000020', '2023-02-08', '2023-02-09', '2023-02-09 11:00:00', 2000000, '00000000-0000-0000-0000-000000000005', '00000000-0000-0000-0000-000000000010', '00000000-0000-0000-0000-000000000005', 1, 'DISKON10', '00000000-0000-0000-0000-000000000005'),
('00000000-0000-0000-0000-000000000021', '2023-02-10', '2023-02-11', '2023-02-11 12:00:00', 2100000, '00000000-0000-0000-0000-000000000001', '00000000-0000-0000-0000-000000000006', '00000000-0000-0000-0000-000000000001', 2, 'DISKON1', '00000000-0000-0000-0000-000000000001'),
('00000000-0000-0000-0000-000000000022', '2023-02-12', '2023-02-13', '2023-02-13 13:00:00', 2200000, '00000000-0000-0000-0000-000000000002', '00000000-0000-0000-0000-000000000007', '00000000-0000-0000-0000-000000000002', 2, 'DISKON2', '00000000-0000-0000-0000-000000000002'),
('00000000-0000-0000-0000-000000000023', '2023-02-14', '2023-02-15', '2023-02-15 14:00:00', 2300000, '00000000-0000-0000-0000-000000000003', '00000000-0000-0000-0000-000000000008', '00000000-0000-0000-0000-000000000003', 2, 'DISKON3', '00000000-0000-0000-0000-000000000003'),
('00000000-0000-0000-0000-000000000024', '2023-02-16', '2023-02-17', '2023-02-17 15:00:00', 2400000, '00000000-0000-0000-0000-000000000004', '00000000-0000-0000-0000-000000000009', '00000000-0000-0000-0000-000000000004', 2, 'DISKON4', '00000000-0000-0000-0000-000000000004'),
('00000000-0000-0000-0000-000000000025', '2023-02-18', '2023-02-19', '2023-02-19 16:00:00', 2500000, '00000000-0000-0000-0000-000000000005', '00000000-0000-0000-0000-000000000010', '00000000-0000-0000-0000-000000000005', 2, 'DISKON5', '00000000-0000-0000-0000-000000000005');

-- Dummy data untuk STATUS_PESANAN
INSERT INTO SIJARTA.STATUS_PESANAN (Id, Status) VALUES
('00000000-0000-0000-0000-000000000001', 'Menunggu Pembayaran'),
('00000000-0000-0000-0000-000000000002', 'Mencari Pekerja Terdekat'),
('00000000-0000-0000-0000-000000000003', 'Pekerja Ditemukan'),
('00000000-0000-0000-0000-000000000004', 'Pekerjaan Dimulai'),
('00000000-0000-0000-0000-000000000005', 'Pekerjaan Selesai'),
('00000000-0000-0000-0000-000000000006', 'Menunggu Konfirmasi'),
('00000000-0000-0000-0000-000000000007', 'Selesai');

-- Dummy data untuk TR_PEMESANAN_STATUS
INSERT INTO SIJARTA.TR_PEMESANAN_STATUS (IdTrPemesanan, IdStatus, TglWaktu) VALUES
('00000000-0000-0000-0000-000000000001', '00000000-0000-0000-0000-000000000001', '2023-01-01'),
('00000000-0000-0000-0000-000000000001', '00000000-0000-0000-0000-000000000002', '2023-01-01'),
('00000000-0000-0000-0000-000000000002', '00000000-0000-0000-0000-000000000001', '2023-01-03'),
('00000000-0000-0000-0000-000000000002', '00000000-0000-0000-0000-000000000002', '2023-01-03'),
('00000000-0000-0000-0000-000000000003', '00000000-0000-0000-0000-000000000001', '2023-01-05'),
('00000000-0000-0000-0000-000000000003', '00000000-0000-0000-0000-000000000002', '2023-01-05'),
('00000000-0000-0000-0000-000000000004', '00000000-0000-0000-0000-000000000001', '2023-01-07'),
('00000000-0000-0000-0000-000000000004', '00000000-0000-0000-0000-000000000002', '2023-01-07'),
('00000000-0000-0000-0000-000000000005', '00000000-0000-0000-0000-000000000001', '2023-01-09'),
('00000000-0000-0000-0000-000000000005', '00000000-0000-0000-0000-000000000002', '2023-01-09'),
('00000000-0000-0000-0000-000000000006', '00000000-0000-0000-0000-000000000001', '2023-01-11'),
('00000000-0000-0000-0000-000000000006', '00000000-0000-0000-0000-000000000002', '2023-01-11'),
('00000000-0000-0000-0000-000000000007', '00000000-0000-0000-0000-000000000001', '2023-01-13'),
('00000000-0000-0000-0000-000000000007', '00000000-0000-0000-0000-000000000002', '2023-01-13'),
('00000000-0000-0000-0000-000000000008', '00000000-0000-0000-0000-000000000001', '2023-01-15'),
('00000000-0000-0000-0000-000000000008', '00000000-0000-0000-0000-000000000002', '2023-01-15'),
('00000000-0000-0000-0000-000000000009', '00000000-0000-0000-0000-000000000001', '2023-01-17'),
('00000000-0000-0000-0000-000000000009', '00000000-0000-0000-0000-000000000002', '2023-01-17'),
('00000000-0000-0000-0000-000000000010', '00000000-0000-0000-0000-000000000001', '2023-01-19'),
('00000000-0000-0000-0000-000000000010', '00000000-0000-0000-0000-000000000002', '2023-01-19'),
('00000000-0000-0000-0000-000000000011', '00000000-0000-0000-0000-000000000001', '2023-01-21'),
('00000000-0000-0000-0000-000000000011', '00000000-0000-0000-0000-000000000002', '2023-01-21'),
('00000000-0000-0000-0000-000000000012', '00000000-0000-0000-0000-000000000001', '2023-01-23'),
('00000000-0000-0000-0000-000000000012', '00000000-0000-0000-0000-000000000002', '2023-01-23'),
('00000000-0000-0000-0000-000000000013', '00000000-0000-0000-0000-000000000001', '2023-01-25'),
('00000000-0000-0000-0000-000000000013', '00000000-0000-0000-0000-000000000002', '2023-01-25'),
('00000000-0000-0000-0000-000000000014', '00000000-0000-0000-0000-000000000001', '2023-01-27'),
('00000000-0000-0000-0000-000000000014', '00000000-0000-0000-0000-000000000002', '2023-01-27'),
('00000000-0000-0000-0000-000000000015', '00000000-0000-0000-0000-000000000001', '2023-01-29'),
('00000000-0000-0000-0000-000000000015', '00000000-0000-0000-0000-000000000002', '2023-01-29'),
('00000000-0000-0000-0000-000000000016', '00000000-0000-0000-0000-000000000001', '2023-01-31'),
('00000000-0000-0000-0000-000000000016', '00000000-0000-0000-0000-000000000002', '2023-01-31'),
('00000000-0000-0000-0000-000000000017', '00000000-0000-0000-0000-000000000001', '2023-02-02'),
('00000000-0000-0000-0000-000000000017', '00000000-0000-0000-0000-000000000002', '2023-02-02'),
('00000000-0000-0000-0000-000000000018', '00000000-0000-0000-0000-000000000001', '2023-02-04'),
('00000000-0000-0000-0000-000000000018', '00000000-0000-0000-0000-000000000002', '2023-02-04'),
('00000000-0000-0000-0000-000000000019', '00000000-0000-0000-0000-000000000001', '2023-02-06'),
('00000000-0000-0000-0000-000000000019', '00000000-0000-0000-0000-000000000002', '2023-02-06'),
('00000000-0000-0000-0000-000000000020', '00000000-0000-0000-0000-000000000001', '2023-02-08'),
('00000000-0000-0000-0000-000000000020', '00000000-0000-0000-0000-000000000002', '2023-02-08'),
('00000000-0000-0000-0000-000000000021', '00000000-0000-0000-0000-000000000001', '2023-02-10'),
('00000000-0000-0000-0000-000000000021', '00000000-0000-0000-0000-000000000002', '2023-02-10'),
('00000000-0000-0000-0000-000000000022', '00000000-0000-0000-0000-000000000001', '2023-02-12'),
('00000000-0000-0000-0000-000000000022', '00000000-0000-0000-0000-000000000002', '2023-02-12'),
('00000000-0000-0000-0000-000000000023', '00000000-0000-0000-0000-000000000001', '2023-02-14'),
('00000000-0000-0000-0000-000000000023', '00000000-0000-0000-0000-000000000002', '2023-02-14'),
('00000000-0000-0000-0000-000000000024', '00000000-0000-0000-0000-000000000001', '2023-02-16'),
('00000000-0000-0000-0000-000000000024', '00000000-0000-0000-0000-000000000002', '2023-02-16'),
('00000000-0000-0000-0000-000000000025', '00000000-0000-0000-0000-000000000001', '2023-02-18'),
('00000000-0000-0000-0000-000000000025', '00000000-0000-0000-0000-000000000002', '2023-02-18');

-- Dummy data untuk TESTIMONI
INSERT INTO SIJARTA.TESTIMONI (IdTrPemesanan, Tgl, Teks, Rating) VALUES
('00000000-0000-0000-0000-000000000001', '2023-01-02', 'Pelayanan sangat baik!', 5),
('00000000-0000-0000-0000-000000000002', '2023-01-04', 'Sangat memuaskan.', 4),
('00000000-0000-0000-0000-000000000003', '2023-01-06', 'Pekerjaan bagus.', 4),
('00000000-0000-0000-0000-000000000004', '2023-01-08', 'Luar biasa!', 5),
('00000000-0000-0000-0000-000000000005', '2023-01-10', 'Cukup baik.', 3),
('00000000-0000-0000-0000-000000000006', '2023-01-12', 'Bisa lebih baik.', 3),
('00000000-0000-0000-0000-000000000007', '2023-01-14', 'Sangat bagus.', 4),
('00000000-0000-0000-0000-000000000008', '2023-01-16', 'Puas.', 4),
('00000000-0000-0000-0000-000000000009', '2023-01-18', 'Pelayanan luar biasa!', 5),
('00000000-0000-0000-0000-000000000010', '2023-01-20', 'Akan menggunakan lagi.', 5),
('00000000-0000-0000-0000-000000000011', '2023-01-22', 'Sangat direkomendasikan.', 5),
('00000000-0000-0000-0000-000000000012', '2023-01-24', 'Pengalaman baik.', 4),
('00000000-0000-0000-0000-000000000013', '2023-01-26', 'Sangat profesional.', 5),
('00000000-0000-0000-0000-000000000014', '2023-01-28', 'Kerja bagus.', 4),
('00000000-0000-0000-0000-000000000015', '2023-01-30', 'Pekerjaan hebat.', 5),
('00000000-0000-0000-0000-000000000016', '2023-02-01', 'Pelayanan baik.', 4),
('00000000-0000-0000-0000-000000000017', '2023-02-03', 'Puas dengan pelayanan.', 4);

